REGION,LEVEL,STATE,TYPE,1991-1992,1992-1993,1993-1994,1994-1995,1995-1996,1996-1997,1997-1998,1998-1999,1999-2000,2000-2001,2001-2002,2002-2003,2003-2004,2004-2005,2005-2006,2006-2007,2007-2008,2008-2009,2009-2010,2010-2011,2011-2012,2012-2013,2013-2014,2014-2015,2015-2016,2016-2017,2017-2018,2018-2019,2019-2020
NORTH CENTER,UNIVERSITY,  AGUASCALIENTES,PRIVATE,4,4,4,7,7,7,7,7,8,9,9,10,10,11,11,14,16,18,17,17,18,21,18,23,28,28,26,35,36
NORTH CENTER,UNIVERSITY,  AGUASCALIENTES,PUBLIC,8,9,9,12,14,15,9,9,9,9,11,11,12,13,15,22,18,18,19,20,22,18,27,24,24,19,19,26,26
NORTH CENTER,HIGH SCHOOL,  AGUASCALIENTES,PRIVATE,27,31,30,40,41,42,48,51,58,58,51,60,59,57,57,61,58,64,66,72,73,75,77,110,108,106,107,114,110
NORTH CENTER,HIGH SCHOOL,  AGUASCALIENTES,PUBLIC,30,29,30,32,35,48,60,68,67,68,70,73,78,86,83,80,80,83,82,86,87,92,103,120,170,202,224,192,193
NORTH CENTER,ELEMENTARY,  AGUASCALIENTES,PRIVATE,43,50,60,61,64,65,65,68,71,76,77,78,81,85,88,92,97,100,102,98,94,93,96,95,97,98,100,97,102
NORTH CENTER,ELEMENTARY,  AGUASCALIENTES,PUBLIC,574,569,575,640,666,641,637,654,646,637,634,642,629,625,623,630,626,638,636,654,641,631,631,617,611,612,609,606,606
NORTH CENTER,JR HIGH,  AGUASCALIENTES,PRIVATE,24,24,27,29,26,28,29,31,33,37,39,40,41,40,41,45,47,52,53,53,54,52,55,55,54,56,57,58,62
NORTH CENTER,JR HIGH,  AGUASCALIENTES,PUBLIC,128,128,129,138,163,228,235,248,250,254,253,255,257,258,275,278,282,291,294,292,294,292,295,303,300,299,302,304,305
NORTH,UNIVERSITY,  BAJA CALIFORNIA,PRIVATE,10,10,11,13,15,20,24,22,22,23,26,30,32,33,35,35,40,44,47,51,49,57,55,57,62,65,65,67,67
NORTH,UNIVERSITY,  BAJA CALIFORNIA,PUBLIC,26,28,26,27,27,27,28,30,30,30,30,30,31,33,39,44,44,45,44,46,49,50,44,45,45,46,46,46,46
NORTH,HIGH SCHOOL,  BAJA CALIFORNIA,PRIVATE,47,60,86,100,107,107,97,93,104,96,89,115,128,142,135,149,159,162,173,172,171,157,173,190,196,215,228,255,240
NORTH,HIGH SCHOOL,  BAJA CALIFORNIA,PUBLIC,65,65,65,66,67,65,64,67,66,67,73,81,82,96,97,99,98,102,119,122,142,154,156,169,183,194,197,188,188
NORTH,ELEMENTARY,  BAJA CALIFORNIA,PRIVATE,82,103,116,135,143,147,152,156,161,167,173,188,198,216,230,244,256,274,284,304,311,306,314,317,315,322,334,346,336
NORTH,ELEMENTARY,  BAJA CALIFORNIA,PUBLIC,951,976,1008,1040,1074,1119,1136,1160,1175,1213,1232,1268,1297,1312,1325,1330,1349,1375,1384,1398,1398,1391,1377,1347,1335,1300,1300,1300,1284
NORTH,JR HIGH,  BAJA CALIFORNIA,PRIVATE,43,44,48,55,59,63,63,69,73,77,77,79,84,94,106,110,112,117,125,131,139,151,161,174,177,182,185,186,200
NORTH,JR HIGH,  BAJA CALIFORNIA,PUBLIC,237,244,251,250,261,278,283,311,324,334,345,355,367,382,388,395,398,407,419,440,455,459,468,483,490,488,482,482,469
NORTH CENTER,UNIVERSITY,  BAJA CALIFORNIA SUR,PRIVATE,0,0,0,0,0,0,0,2,3,2,7,7,8,8,8,8,8,7,11,11,12,14,12,12,12,12,12,12,28
NORTH CENTER,UNIVERSITY,  BAJA CALIFORNIA SUR,PUBLIC,4,4,4,4,5,6,7,6,6,6,7,7,8,8,12,15,13,13,13,13,14,13,14,14,16,14,16,17,15
NORTH CENTER,HIGH SCHOOL,  BAJA CALIFORNIA SUR,PRIVATE,8,11,14,10,11,9,9,9,10,11,11,12,10,13,19,18,17,18,21,22,22,23,27,29,32,34,34,37,32
NORTH CENTER,HIGH SCHOOL,  BAJA CALIFORNIA SUR,PUBLIC,29,33,34,35,38,37,38,40,38,39,39,50,50,53,53,53,52,52,54,56,58,58,60,71,77,129,118,122,124
NORTH CENTER,ELEMENTARY,  BAJA CALIFORNIA SUR,PRIVATE,10,11,13,13,13,15,15,15,17,18,21,24,28,29,31,37,41,47,53,55,57,59,62,71,70,70,73,76,76
NORTH CENTER,ELEMENTARY,  BAJA CALIFORNIA SUR,PUBLIC,317,321,312,334,343,353,360,364,365,374,370,372,379,371,366,362,368,369,379,380,371,381,379,388,376,378,384,389,364
NORTH CENTER,JR HIGH,  BAJA CALIFORNIA SUR,PRIVATE,8,9,9,9,9,10,9,9,9,10,11,11,11,13,16,17,19,23,24,26,29,34,35,37,40,42,47,49,50
NORTH CENTER,JR HIGH,  BAJA CALIFORNIA SUR,PUBLIC,56,58,58,61,86,92,95,94,98,99,101,108,112,113,113,116,118,120,122,123,125,125,132,139,144,147,145,147,143
SOUTH,UNIVERSITY,  CAMPECHE,PRIVATE,0,0,0,0,0,0,1,3,4,5,5,7,8,9,13,14,15,15,13,13,15,14,15,15,15,14,14,14,22
SOUTH,UNIVERSITY,  CAMPECHE,PUBLIC,22,22,19,23,23,24,23,24,24,24,24,25,26,26,26,32,30,32,32,34,35,31,37,36,37,36,36,35,50
SOUTH,HIGH SCHOOL,  CAMPECHE,PRIVATE,2,3,4,5,8,10,11,12,15,14,16,16,18,22,25,28,29,28,27,30,33,31,32,37,38,38,40,41,45
SOUTH,HIGH SCHOOL,  CAMPECHE,PUBLIC,52,52,54,57,58,59,60,59,63,63,61,76,72,76,79,77,78,78,78,78,79,83,80,87,95,99,108,119,103
SOUTH,ELEMENTARY,  CAMPECHE,PRIVATE,15,20,20,21,25,25,26,29,30,31,32,36,38,39,39,43,46,50,51,52,55,57,59,60,58,60,61,62,59
SOUTH,ELEMENTARY,  CAMPECHE,PUBLIC,700,661,725,767,782,802,843,843,828,824,836,837,809,807,787,758,744,739,748,754,740,738,739,736,720,712,702,691,694
SOUTH,JR HIGH,  CAMPECHE,PRIVATE,10,10,15,16,17,17,19,20,21,21,25,29,31,33,35,34,36,38,37,37,40,42,45,45,45,45,43,43,42
SOUTH,JR HIGH,  CAMPECHE,PUBLIC,69,76,79,125,150,153,162,182,187,190,193,193,193,209,216,227,241,251,257,266,278,278,278,280,283,288,299,300,310
SOUTH,UNIVERSITY,  CHIAPAS,PRIVATE,6,8,8,9,12,15,22,22,28,33,37,40,43,44,48,50,56,62,68,75,76,86,82,89,90,93,94,92,93
SOUTH,UNIVERSITY,  CHIAPAS,PUBLIC,19,19,20,21,23,24,25,25,28,30,31,31,35,36,37,42,42,43,43,63,66,59,63,68,83,81,82,84,86
SOUTH,HIGH SCHOOL,  CHIAPAS,PRIVATE,78,83,87,91,90,87,103,104,107,94,88,98,125,126,135,134,143,136,131,123,115,122,124,129,129,140,152,168,145
SOUTH,HIGH SCHOOL,  CHIAPAS,PUBLIC,115,129,129,127,170,191,206,227,237,235,280,289,310,330,365,398,411,412,465,589,608,620,650,659,790,909,930,978,910
SOUTH,ELEMENTARY,  CHIAPAS,PRIVATE,70,76,79,77,77,77,82,82,85,85,87,91,98,105,109,110,120,128,136,139,144,142,151,152,159,161,165,169,194
SOUTH,ELEMENTARY,  CHIAPAS,PUBLIC,5258,5611,5833,6154,7206,7351,8085,8361,8388,8285,8552,8624,8363,8227,8478,8469,8399,8376,8364,8372,8395,8383,8423,8430,8346,8348,8364,8410,8189
SOUTH,JR HIGH,  CHIAPAS,PRIVATE,77,73,74,70,60,60,50,59,56,57,52,56,57,63,67,69,73,73,77,77,77,83,86,91,92,100,104,113,127
SOUTH,JR HIGH,  CHIAPAS,PUBLIC,651,659,672,696,729,827,898,964,1053,1130,1182,1305,1346,1434,1521,1582,1697,1750,1789,1842,1887,1952,2015,2116,2156,2152,2198,2214,2414
NORTH,UNIVERSITY,  CHIHUAHUA,PRIVATE,10,11,9,9,8,12,13,15,16,18,23,22,23,23,28,31,37,38,39,45,50,51,48,54,52,56,55,57,65
NORTH,UNIVERSITY,  CHIHUAHUA,PUBLIC,25,27,26,26,27,28,29,29,30,31,32,32,34,36,36,43,46,49,45,48,50,51,62,75,81,70,70,73,73
NORTH,HIGH SCHOOL,  CHIHUAHUA,PRIVATE,75,84,115,124,142,141,148,153,166,166,169,175,184,206,216,213,216,226,235,223,240,229,227,355,242,236,242,241,224
NORTH,HIGH SCHOOL,  CHIHUAHUA,PUBLIC,94,98,102,101,113,111,133,144,154,170,192,215,215,228,227,222,226,226,252,256,266,281,393,166,331,419,396,400,400
NORTH,ELEMENTARY,  CHIHUAHUA,PRIVATE,113,116,121,129,135,136,140,142,147,155,157,163,174,188,196,203,216,221,214,220,227,227,230,229,233,237,244,251,248
NORTH,ELEMENTARY,  CHIHUAHUA,PUBLIC,2762,2769,2799,2878,2911,2923,2905,2977,2947,2955,2908,2828,2718,2661,2623,2614,2591,2600,2621,2636,2633,2638,2623,2623,2601,2542,2521,2504,2504
NORTH,JR HIGH,  CHIHUAHUA,PRIVATE,55,59,51,54,56,58,63,66,72,72,80,82,87,89,93,98,97,95,97,94,97,105,111,113,116,142,123,127,147
NORTH,JR HIGH,  CHIHUAHUA,PUBLIC,379,398,407,434,450,483,492,526,540,548,561,580,591,593,598,607,618,638,647,655,668,676,690,824,852,824,847,850,850
CENTER,UNIVERSITY,  CIUDAD DE MÉXICO,PRIVATE,121,126,131,143,146,168,175,177,173,187,196,203,220,237,218,223,218,220,207,208,226,253,241,241,233,217,220,224,249
CENTER,UNIVERSITY,  CIUDAD DE MÉXICO,PUBLIC,72,73,61,77,73,76,79,78,82,83,84,80,88,91,90,92,101,106,107,114,117,115,117,117,120,117,117,119,119
CENTER,HIGH SCHOOL,  CIUDAD DE MÉXICO,PRIVATE,410,426,433,420,428,421,412,400,386,385,396,410,402,397,442,409,427,431,416,411,419,431,419,454,451,422,429,429,385
CENTER,HIGH SCHOOL,  CIUDAD DE MÉXICO,PUBLIC,228,230,228,223,230,235,238,247,248,256,242,267,269,269,268,265,262,267,266,271,264,252,244,243,242,285,290,288,288
CENTER,ELEMENTARY,  CIUDAD DE MÉXICO,PRIVATE,682,710,736,800,871,903,953,997,1065,1084,1114,1124,1120,1136,1156,1158,1171,1183,1188,1177,1188,1186,1183,1168,1168,1154,1145,1139,1094
CENTER,ELEMENTARY,  CIUDAD DE MÉXICO,PUBLIC,2402,2403,2404,2422,2433,2437,2428,2412,2380,2335,2314,2292,2262,2256,2230,2202,2192,2171,2146,2106,2098,2092,2064,2030,2033,2019,1982,1951,1951
CENTER,JR HIGH,  CIUDAD DE MÉXICO,PRIVATE,311,315,322,331,350,373,377,393,405,428,438,429,440,447,458,472,472,484,492,489,498,514,510,513,523,520,530,530,524
CENTER,JR HIGH,  CIUDAD DE MÉXICO,PUBLIC,892,870,868,878,885,900,910,913,912,911,914,914,912,913,914,914,913,914,913,912,902,897,891,852,842,832,831,831,831
NORTH,UNIVERSITY,  COAHUILA,PRIVATE,22,21,18,25,24,27,28,29,31,32,34,33,32,38,39,44,46,45,48,51,53,59,59,59,64,67,73,76,72
NORTH,UNIVERSITY,  COAHUILA,PUBLIC,43,44,44,42,44,45,46,47,50,50,51,53,53,53,55,66,62,57,60,62,65,60,66,72,74,68,68,70,70
NORTH,HIGH SCHOOL,  COAHUILA,PRIVATE,131,141,165,186,176,192,196,195,243,239,242,240,256,265,271,278,277,283,284,268,282,301,312,323,337,336,336,360,332
NORTH,HIGH SCHOOL,  COAHUILA,PUBLIC,74,76,72,74,77,79,79,81,79,78,78,74,90,90,93,96,108,119,124,129,134,133,140,141,251,347,386,480,374
NORTH,ELEMENTARY,  COAHUILA,PRIVATE,79,80,99,100,119,117,125,127,135,136,137,147,152,158,169,177,180,195,204,212,219,221,225,230,239,246,252,257,248
NORTH,ELEMENTARY,  COAHUILA,PUBLIC,1725,1660,1660,1752,1744,1731,1737,1704,1666,1678,1661,1657,1661,1638,1653,1637,1657,1664,1667,1677,1671,1648,1635,1622,1601,1584,1554,1523,1578
NORTH,JR HIGH,  COAHUILA,PRIVATE,76,79,83,89,89,94,96,93,98,96,95,99,100,104,105,109,112,118,121,125,130,139,147,157,171,179,179,179,191
NORTH,JR HIGH,  COAHUILA,PUBLIC,232,236,241,248,287,306,331,340,345,352,361,364,364,373,376,387,398,412,417,419,420,423,427,426,445,446,446,446,452
NORTH CENTER,UNIVERSITY,  COLIMA,PRIVATE,1,1,3,3,3,5,5,5,5,5,5,5,5,5,5,8,9,10,13,13,15,17,18,17,16,16,16,14,14
NORTH CENTER,UNIVERSITY,  COLIMA,PUBLIC,22,22,23,23,25,25,26,27,27,27,27,27,27,27,30,40,38,37,34,35,34,32,35,35,34,33,33,33,36
NORTH CENTER,HIGH SCHOOL,  COLIMA,PRIVATE,9,11,12,15,15,16,13,18,18,21,21,23,23,24,27,27,23,24,26,26,29,30,31,72,72,77,77,78,75
NORTH CENTER,HIGH SCHOOL,  COLIMA,PUBLIC,40,40,39,40,40,41,41,44,43,43,43,43,43,43,42,43,43,48,52,65,68,70,71,90,94,121,115,121,115
NORTH CENTER,ELEMENTARY,  COLIMA,PRIVATE,23,22,25,28,27,31,33,34,35,38,42,41,40,42,40,39,40,40,39,40,39,42,43,41,42,43,43,44,54
NORTH CENTER,ELEMENTARY,  COLIMA,PUBLIC,428,423,424,468,483,488,486,488,470,479,474,462,454,441,437,426,426,437,439,450,462,462,466,468,455,443,434,430,422
NORTH CENTER,JR HIGH,  COLIMA,PRIVATE,13,13,14,16,15,15,15,17,21,21,20,21,21,21,21,22,21,20,20,21,21,22,23,25,26,25,25,25,27
NORTH CENTER,JR HIGH,  COLIMA,PUBLIC,86,87,89,96,109,116,118,119,125,125,128,131,131,132,132,139,142,142,146,144,147,149,148,148,154,153,156,157,156
NORTH CENTER,UNIVERSITY,  DURANGO,PRIVATE,7,9,9,10,16,24,18,18,17,17,17,17,20,20,17,25,24,15,16,21,23,23,25,25,25,26,29,29,55
NORTH CENTER,UNIVERSITY,  DURANGO,PUBLIC,20,18,19,19,19,20,21,22,22,22,22,23,25,26,27,33,30,30,30,33,35,35,39,41,43,39,40,41,41
NORTH CENTER,HIGH SCHOOL,  DURANGO,PRIVATE,68,73,72,74,79,73,75,66,64,63,60,59,59,63,66,72,68,68,74,69,65,68,70,78,73,77,78,83,83
NORTH CENTER,HIGH SCHOOL,  DURANGO,PUBLIC,75,78,80,89,96,96,104,108,98,98,97,101,114,116,116,127,132,131,145,148,153,161,166,180,226,283,240,252,252
NORTH CENTER,ELEMENTARY,  DURANGO,PRIVATE,60,62,66,60,61,50,53,53,55,56,59,61,63,69,67,68,68,70,70,69,68,70,73,79,82,80,83,86,83
NORTH CENTER,ELEMENTARY,  DURANGO,PUBLIC,2367,2274,2370,2678,2633,2780,2708,2631,2539,2519,2418,2546,2531,2424,2408,2426,2486,2529,2558,2546,2560,2548,2538,2510,2491,2480,2481,2493,2493
NORTH CENTER,JR HIGH,  DURANGO,PRIVATE,29,26,28,30,30,33,34,36,37,37,38,38,38,41,44,45,48,48,49,48,49,49,51,51,54,55,56,56,61
NORTH CENTER,JR HIGH,  DURANGO,PUBLIC,473,475,479,488,619,649,669,675,697,717,726,748,735,734,743,764,858,875,857,860,872,881,892,900,910,901,912,912,912
CENTER,UNIVERSITY,  GUANAJUATO,PRIVATE,28,29,32,38,39,44,44,46,61,78,84,88,90,90,97,103,109,106,117,124,131,147,135,140,144,143,125,135,152
CENTER,UNIVERSITY,  GUANAJUATO,PUBLIC,24,24,24,27,26,26,28,29,34,36,37,37,41,41,43,50,46,55,57,46,49,52,51,51,51,46,47,51,51
CENTER,HIGH SCHOOL,  GUANAJUATO,PRIVATE,171,160,174,169,184,188,214,222,263,278,286,278,282,287,296,302,329,332,355,354,368,386,391,457,448,445,459,487,48
CENTER,HIGH SCHOOL,  GUANAJUATO,PUBLIC,92,90,89,90,105,111,119,264,299,328,345,343,367,372,378,371,379,382,387,403,415,418,417,433,576,763,768,858,858
CENTER,ELEMENTARY,  GUANAJUATO,PRIVATE,195,212,221,240,250,259,265,267,267,272,281,286,293,300,310,326,326,351,370,380,384,384,386,393,400,400,406,414,402
CENTER,ELEMENTARY,  GUANAJUATO,PUBLIC,4101,4215,4228,4311,4345,4348,4405,4433,4413,4410,4424,4415,4408,4377,4277,4385,4342,4339,4350,4322,4311,4306,4274,4194,4079,4042,4021,4018,4018
CENTER,JR HIGH,  GUANAJUATO,PRIVATE,153,153,161,164,165,162,162,173,174,178,184,186,186,186,190,203,218,220,230,241,239,245,248,253,267,275,282,282,288
CENTER,JR HIGH,  GUANAJUATO,PUBLIC,686,702,719,737,824,903,963,1084,1149,1189,1208,1218,1231,1270,1287,1298,1345,1350,1369,1397,1410,1445,1478,1507,1544,1538,1555,1555,1555
SOUTH,UNIVERSITY,  GUERRERO,PRIVATE,0,0,3,7,8,11,11,16,14,14,18,21,36,37,38,46,41,43,43,45,53,70,52,54,53,53,57,62,89
SOUTH,UNIVERSITY,  GUERRERO,PUBLIC,22,25,25,26,27,28,28,28,29,29,29,29,29,30,34,39,35,39,41,43,53,50,54,54,56,53,63,67,67
SOUTH,HIGH SCHOOL,  GUERRERO,PRIVATE,12,18,16,18,17,15,23,23,26,24,27,25,22,24,27,36,38,46,43,50,54,53,61,70,75,81,83,85,88
SOUTH,HIGH SCHOOL,  GUERRERO,PUBLIC,184,195,194,197,202,208,218,217,214,208,214,215,255,262,267,263,272,284,279,284,287,298,314,363,554,672,719,753,753
SOUTH,ELEMENTARY,  GUERRERO,PRIVATE,55,66,71,72,77,79,82,89,91,91,94,97,101,107,107,109,111,111,114,120,119,117,121,124,127,130,131,133,134
SOUTH,ELEMENTARY,  GUERRERO,PUBLIC,3982,4026,4171,4177,4702,4623,4704,5231,4916,4976,4917,4870,4898,4758,4720,4729,4751,4725,4688,4622,4582,4524,4570,4537,4491,4430,4317,4240,4240
SOUTH,JR HIGH,  GUERRERO,PRIVATE,50,48,49,49,49,44,48,52,57,56,56,58,62,62,67,68,66,68,72,70,69,70,72,75,80,86,88,88,94
SOUTH,JR HIGH,  GUERRERO,PUBLIC,530,543,575,595,617,715,766,879,924,966,1004,1067,1121,1137,1232,1297,1347,1433,1574,1580,1651,1674,1723,1755,1799,1829,1826,1826,1826
CENTER,UNIVERSITY,  HIDALGO,PRIVATE,1,1,1,1,10,16,16,23,23,23,21,20,24,26,30,36,33,37,45,49,52,58,62,66,69,69,71,72,82
CENTER,UNIVERSITY,  HIDALGO,PUBLIC,8,9,9,9,9,10,12,13,13,14,19,19,28,31,32,39,35,36,38,44,46,38,50,54,54,50,49,52,52
CENTER,HIGH SCHOOL,  HIDALGO,PRIVATE,37,46,43,40,45,53,57,64,73,71,73,77,78,86,91,91,96,102,112,116,118,121,127,160,159,156,154,143,151
CENTER,HIGH SCHOOL,  HIDALGO,PUBLIC,82,83,89,90,116,139,152,159,168,130,140,143,157,158,160,160,161,164,195,171,175,183,231,287,401,425,417,430,430
CENTER,ELEMENTARY,  HIDALGO,PRIVATE,69,78,90,103,114,119,123,129,140,144,156,164,173,178,189,199,202,208,217,225,230,241,241,247,253,251,256,262,254
CENTER,ELEMENTARY,  HIDALGO,PUBLIC,2702,2745,2762,2876,2951,3018,3023,3031,3077,3095,3115,3104,3099,3059,3051,3033,3032,3037,3038,3036,3017,3022,3018,3011,3001,2987,2964,2951,2951
CENTER,JR HIGH,  HIDALGO,PRIVATE,38,41,45,47,55,56,62,60,62,66,70,74,80,86,89,88,87,91,94,98,102,104,109,124,139,149,154,155,159
CENTER,JR HIGH,  HIDALGO,PUBLIC,596,605,620,629,734,785,796,843,872,903,931,938,950,990,1004,1020,1034,1056,1080,1091,1092,1099,1106,1120,1131,1138,1148,1148,1148
NORTH CENTER,UNIVERSITY,  JALISCO,PRIVATE,32,31,28,26,26,46,55,72,68,69,71,80,86,93,95,107,135,136,142,148,147,156,151,152,156,157,163,162,232
NORTH CENTER,UNIVERSITY,  JALISCO,PUBLIC,25,25,25,30,36,21,21,21,23,26,30,31,35,39,42,55,53,54,52,55,60,52,63,62,61,53,54,56,56
NORTH CENTER,HIGH SCHOOL,  JALISCO,PRIVATE,70,81,103,155,155,152,159,186,207,231,208,221,240,276,260,272,292,291,288,284,282,286,272,463,484,480,485,520,516
NORTH CENTER,HIGH SCHOOL,  JALISCO,PUBLIC,94,90,93,96,107,163,167,185,182,195,209,208,222,223,230,247,260,270,518,509,541,539,546,577,609,661,656,667,667
NORTH CENTER,ELEMENTARY,  JALISCO,PRIVATE,312,329,355,394,421,441,443,458,467,480,483,495,492,507,510,528,538,540,549,567,575,588,600,595,611,608,614,620,631
NORTH CENTER,ELEMENTARY,  JALISCO,PUBLIC,4926,5049,5086,5343,5421,5443,5502,5513,5421,5455,5441,5330,5404,5337,5309,5326,5331,5322,5374,5374,5381,5374,5307,5339,5248,5184,5190,5196,5196
NORTH CENTER,JR HIGH,  JALISCO,PRIVATE,179,172,184,192,213,225,224,228,236,243,243,250,256,256,256,265,278,291,289,298,302,306,309,329,328,377,344,344,396
NORTH CENTER,JR HIGH,  JALISCO,PUBLIC,846,836,865,866,890,957,1026,1099,1179,1215,1276,1313,1331,1346,1355,1415,1438,1498,1574,1613,1616,1654,1693,1697,1751,1744,1777,1777,1777
CENTER,UNIVERSITY,  MÉXICO,PRIVATE,28,35,40,37,41,56,56,54,72,94,95,103,117,125,135,137,133,139,149,198,204,228,223,235,234,235,243,252,256
CENTER,UNIVERSITY,  MÉXICO,PUBLIC,37,39,40,41,42,46,54,54,63,66,69,69,69,73,77,102,80,81,82,110,116,117,123,130,134,127,135,143,143
CENTER,HIGH SCHOOL,  MÉXICO,PRIVATE,171,190,211,213,248,245,244,241,278,291,317,397,446,458,466,484,519,513,521,522,510,528,540,630,602,586,582,580,603
CENTER,HIGH SCHOOL,  MÉXICO,PUBLIC,358,368,396,420,441,461,494,518,534,548,555,571,599,619,651,691,719,759,821,845,906,949,986,1013,1353,1626,1666,1732,1732
CENTER,ELEMENTARY,  MÉXICO,PRIVATE,549,592,670,694,721,733,747,772,818,847,873,890,929,973,990,1018,1042,1040,1076,1089,1120,1134,1150,1162,1174,1188,1189,1192,1220
CENTER,ELEMENTARY,  MÉXICO,PUBLIC,5384,5526,5607,5768,5803,5871,5978,6057,6169,6302,6359,6429,6477,6527,6560,6594,6606,6627,6660,6680,6683,6679,6665,6633,6639,6643,6539,6446,6446
CENTER,JR HIGH,  MÉXICO,PRIVATE,223,242,252,272,281,283,291,291,303,321,340,361,385,390,412,434,450,461,469,482,494,513,534,555,565,574,573,575,611
CENTER,JR HIGH,  MÉXICO,PUBLIC,1827,1835,1906,1954,2073,2145,2260,2342,2422,2496,2580,2663,2726,2798,2868,2906,2934,2956,2979,3094,3117,3142,3190,3198,3209,3222,3250,3256,3256
NORTH CENTER,UNIVERSITY,  MICHOACÁN,PRIVATE,4,8,5,7,6,14,12,12,12,16,18,24,24,43,45,46,53,66,66,82,83,134,103,99,115,131,135,137,185
NORTH CENTER,UNIVERSITY,  MICHOACÁN,PUBLIC,25,27,27,27,30,27,29,29,30,30,36,36,42,43,43,46,43,43,43,46,51,54,53,55,54,57,54,55,55
NORTH CENTER,HIGH SCHOOL,  MICHOACÁN,PRIVATE,79,80,76,85,80,80,78,83,79,88,97,107,124,133,146,148,153,161,161,165,181,174,196,245,259,259,267,271,251
NORTH CENTER,HIGH SCHOOL,  MICHOACÁN,PUBLIC,116,124,127,130,138,139,159,158,156,162,157,162,169,168,165,196,212,216,216,231,445,454,464,475,493,535,535,541,541
NORTH CENTER,ELEMENTARY,  MICHOACÁN,PRIVATE,195,206,216,224,235,245,258,260,266,278,288,292,305,318,327,333,334,334,343,355,356,368,373,378,392,391,396,403,405
NORTH CENTER,ELEMENTARY,  MICHOACÁN,PUBLIC,4321,4244,4531,5050,5218,5289,5425,5657,5575,5589,5458,5521,5476,5179,5069,4946,4955,4955,5109,4915,4876,4787,4924,4904,4830,4783,4718,4676,4676
NORTH CENTER,JR HIGH,  MICHOACÁN,PRIVATE,64,69,69,73,75,76,86,91,91,97,103,108,121,123,130,142,144,147,147,153,161,168,167,175,179,190,191,193,215
NORTH CENTER,JR HIGH,  MICHOACÁN,PUBLIC,853,856,801,882,947,970,980,1004,1022,1061,1090,1098,1119,1123,1166,1218,1269,1284,1284,1348,1416,1420,1451,1499,1527,1546,1585,1589,1589
CENTER,UNIVERSITY,  MORELOS,PRIVATE,3,3,4,5,5,12,12,19,22,23,28,38,37,36,37,47,52,52,52,52,59,61,59,49,59,61,70,71,78
CENTER,UNIVERSITY,  MORELOS,PUBLIC,13,14,14,16,16,15,15,15,18,18,20,20,21,24,25,29,27,29,30,30,30,31,32,30,40,38,43,46,46
CENTER,HIGH SCHOOL,  MORELOS,PRIVATE,62,60,58,55,62,59,61,63,63,67,74,84,185,190,178,204,224,226,212,208,211,214,213,233,237,256,268,278,245
CENTER,HIGH SCHOOL,  MORELOS,PUBLIC,124,122,124,124,131,134,138,142,146,149,155,169,275,277,268,296,320,323,309,307,314,316,313,328,338,373,385,394,394
CENTER,ELEMENTARY,  MORELOS,PRIVATE,86,89,96,103,118,120,138,145,146,152,164,165,170,186,196,218,236,236,258,280,299,315,320,336,344,365,369,373,407
CENTER,ELEMENTARY,  MORELOS,PUBLIC,728,733,745,812,816,829,833,835,836,831,835,838,837,834,831,834,830,836,839,836,839,838,838,843,840,839,827,821,821
CENTER,JR HIGH,  MORELOS,PRIVATE,46,45,48,54,59,63,64,71,76,81,82,86,88,90,97,102,110,114,121,129,140,148,161,163,169,170,189,189,222
CENTER,JR HIGH,  MORELOS,PUBLIC,226,229,227,229,233,240,252,268,277,285,294,297,304,303,304,305,304,306,305,319,328,330,330,330,331,328,329,329,329
NORTH CENTER,UNIVERSITY,  NAYARIT,PRIVATE,0,0,1,3,5,5,4,4,5,5,5,5,8,12,12,13,13,14,15,16,18,20,14,15,17,16,15,16,15
NORTH CENTER,UNIVERSITY,  NAYARIT,PUBLIC,12,13,14,13,13,15,12,12,12,12,12,14,16,17,18,21,20,20,20,25,28,23,27,27,27,26,28,29,29
NORTH CENTER,HIGH SCHOOL,  NAYARIT,PRIVATE,151,144,151,158,155,159,153,154,153,149,132,134,144,154,166,168,147,153,135,128,129,133,125,162,160,151,158,162,137
NORTH CENTER,HIGH SCHOOL,  NAYARIT,PUBLIC,34,36,36,35,37,40,42,43,44,43,46,49,47,46,51,51,73,112,124,131,143,145,146,158,175,192,199,191,191
NORTH CENTER,ELEMENTARY,  NAYARIT,PRIVATE,16,18,23,27,32,34,34,33,36,37,38,40,40,41,45,46,48,53,53,53,58,58,63,62,71,68,68,69,1109
NORTH CENTER,ELEMENTARY,  NAYARIT,PUBLIC,998,985,980,1094,1082,1102,1127,1182,1136,1161,1142,1121,1121,1112,1119,1102,1109,1116,1136,1130,1145,1133,1144,1153,1126,1122,1107,1096,1096
NORTH CENTER,JR HIGH,  NAYARIT,PRIVATE,8,8,11,12,13,13,13,13,14,14,14,15,19,20,20,24,24,26,25,27,28,34,36,38,40,43,42,42,44
NORTH CENTER,JR HIGH,  NAYARIT,PUBLIC,334,333,338,346,356,374,393,412,424,434,445,450,455,459,468,478,478,490,510,525,522,524,537,532,548,539,550,551,551
NORTH,UNIVERSITY,  NUEVO LEÓN,PRIVATE,40,39,39,38,42,44,52,57,62,60,61,61,67,71,81,88,91,88,99,106,116,145,144,145,150,158,157,162,192
NORTH,UNIVERSITY,  NUEVO LEÓN,PUBLIC,28,28,29,28,29,28,29,30,32,34,33,35,38,38,39,42,41,42,41,43,43,40,46,47,49,39,41,43,43
NORTH,HIGH SCHOOL,  NUEVO LEÓN,PRIVATE,169,175,170,176,195,209,222,227,228,220,213,228,229,259,263,269,276,281,293,296,325,328,337,348,346,348,342,359,312
NORTH,HIGH SCHOOL,  NUEVO LEÓN,PUBLIC,103,103,106,117,127,133,132,129,130,133,131,133,134,136,136,140,143,143,153,159,160,163,167,192,213,222,261,289,289
NORTH,ELEMENTARY,  NUEVO LEÓN,PRIVATE,111,121,133,149,156,160,166,174,180,197,205,209,222,235,241,247,257,284,303,317,326,329,335,335,343,342,348,354,356
NORTH,ELEMENTARY,  NUEVO LEÓN,PUBLIC,2384,2282,2329,2362,2331,2345,2371,2368,2340,2284,2293,2266,2306,2295,2326,2327,2362,2410,2446,2469,2493,2507,2463,2400,2397,2389,2388,2386,2386
NORTH,JR HIGH,  NUEVO LEÓN,PRIVATE,76,82,86,88,95,99,105,110,118,123,126,136,140,148,154,160,161,165,170,179,188,200,207,211,224,233,241,241,261
NORTH,JR HIGH,  NUEVO LEÓN,PUBLIC,458,481,488,502,527,538,561,575,598,613,617,616,624,634,648,661,678,704,720,749,774,794,802,827,845,848,860,860,860
SOUTH,UNIVERSITY,  OAXACA,PRIVATE,9,11,10,10,10,12,12,11,14,14,15,17,18,21,22,22,21,26,28,35,39,42,43,45,46,45,47,48,48
SOUTH,UNIVERSITY,  OAXACA,PUBLIC,16,17,19,19,19,21,21,21,21,21,21,22,25,31,31,36,35,38,38,38,42,44,47,47,49,48,49,50,50
SOUTH,HIGH SCHOOL,  OAXACA,PRIVATE,15,16,16,21,24,22,21,34,34,60,69,66,69,69,70,71,71,77,79,80,80,81,81,95,99,100,103,106,107
SOUTH,HIGH SCHOOL,  OAXACA,PUBLIC,97,99,105,112,136,148,160,165,167,189,248,321,385,436,467,490,490,526,533,539,553,557,574,568,618,639,653,667,667
SOUTH,ELEMENTARY,  OAXACA,PRIVATE,59,61,69,74,79,78,77,78,78,82,85,84,89,93,96,96,105,111,120,127,131,132,136,142,144,151,157,163,176
SOUTH,ELEMENTARY,  OAXACA,PUBLIC,4403,4443,4590,4976,5244,5195,5159,4985,4930,5410,5536,5479,5567,5537,5516,5516,5508,5458,5473,5457,5437,5454,5388,5452,5482,5449,5435,5420,5420
SOUTH,JR HIGH,  OAXACA,PRIVATE,35,34,36,34,39,38,36,34,34,37,39,42,45,45,53,57,57,65,71,76,76,75,84,84,89,88,94,95,112
SOUTH,JR HIGH,  OAXACA,PUBLIC,692,757,776,881,985,1035,1101,1270,1386,1407,1543,1618,1676,1700,1753,1815,1815,1968,2001,2069,2133,2166,2197,2224,2334,2398,2416,2426,2426
CENTER,UNIVERSITY,  PUEBLA,PRIVATE,42,52,58,60,73,95,133,156,170,178,183,185,185,194,208,218,236,247,258,277,283,313,316,321,329,334,263,272,245
CENTER,UNIVERSITY,  PUEBLA,PUBLIC,18,18,21,23,26,29,34,39,45,47,52,52,53,54,54,63,65,64,57,77,79,78,85,87,87,78,80,85,85
CENTER,HIGH SCHOOL,  PUEBLA,PRIVATE,276,286,278,297,282,282,298,329,375,375,362,364,374,389,408,462,465,454,463,496,501,508,506,511,487,483,480,491,486
CENTER,HIGH SCHOOL,  PUEBLA,PUBLIC,117,125,140,162,188,198,248,294,346,357,379,541,563,639,697,726,817,852,880,909,940,1003,1117,1139,1247,1299,1328,1416,1416
CENTER,ELEMENTARY,  PUEBLA,PRIVATE,213,241,271,269,298,321,341,360,365,378,384,410,421,432,443,456,460,473,471,481,482,496,500,503,502,508,510,514,528
CENTER,ELEMENTARY,  PUEBLA,PUBLIC,3631,3678,3716,3877,3895,3969,4051,4111,4088,4100,4094,4108,4078,4042,4048,3977,4038,4031,4077,4044,4144,4139,4136,4130,4122,4127,4114,4118,4118
CENTER,JR HIGH,  PUEBLA,PRIVATE,156,166,182,185,186,195,208,214,220,222,226,225,239,242,243,252,258,255,257,251,255,249,254,258,263,265,270,270,300
CENTER,JR HIGH,  PUEBLA,PUBLIC,1051,1090,1116,1162,1227,1278,1332,1374,1452,1497,1565,1594,1637,1676,1731,1739,1774,1813,1841,1862,1878,1907,1925,1943,1968,1974,2005,2005,2005
CENTER,UNIVERSITY,  QUERÉTARO,PRIVATE,4,4,4,4,4,5,5,5,5,9,9,9,10,10,11,16,14,15,18,26,33,38,37,38,40,41,45,49,47
CENTER,UNIVERSITY,  QUERÉTARO,PUBLIC,15,15,16,17,17,17,17,17,21,21,21,21,22,24,24,33,33,33,33,35,36,32,37,38,38,33,34,35,35
CENTER,HIGH SCHOOL,  QUERÉTARO,PRIVATE,55,58,59,57,55,51,46,43,45,50,51,59,66,84,91,101,101,103,104,105,109,109,114,124,132,130,128,132,136
CENTER,HIGH SCHOOL,  QUERÉTARO,PUBLIC,41,41,42,41,38,47,49,51,52,69,74,79,84,87,96,99,102,101,110,108,110,112,117,136,162,159,163,165,165
CENTER,ELEMENTARY,  QUERÉTARO,PRIVATE,66,76,83,91,103,110,114,120,120,117,128,136,138,147,152,156,169,177,186,189,191,194,195,193,200,208,214,220,229
CENTER,ELEMENTARY,  QUERÉTARO,PUBLIC,1089,1115,1124,1180,1189,1235,1257,1275,1269,1268,1260,1263,1263,1262,1261,1262,1263,1279,1290,1301,1312,1321,1313,1321,1311,1301,1302,1305,1305
CENTER,JR HIGH,  QUERÉTARO,PRIVATE,30,32,38,43,48,56,55,58,58,59,65,67,72,75,80,82,90,94,97,100,107,107,109,110,111,111,115,115,131
CENTER,JR HIGH,  QUERÉTARO,PUBLIC,233,240,241,247,261,267,277,284,298,310,323,337,339,348,360,363,366,368,379,383,385,396,403,414,413,419,417,417,417
SOUTH,UNIVERSITY,  QUINTANA ROO,PRIVATE,0,0,1,1,1,1,2,3,3,4,6,6,7,9,11,14,12,12,14,19,20,23,25,24,22,24,26,25,36
SOUTH,UNIVERSITY,  QUINTANA ROO,PUBLIC,3,3,4,4,4,6,4,6,8,8,8,9,9,10,12,15,14,17,16,19,20,18,21,23,23,20,20,20,20
SOUTH,HIGH SCHOOL,  QUINTANA ROO,PRIVATE,1,3,3,3,8,8,17,17,21,22,26,25,27,29,28,33,33,37,42,48,57,59,61,62,67,68,71,75,77
SOUTH,HIGH SCHOOL,  QUINTANA ROO,PUBLIC,25,27,30,39,40,42,49,50,51,55,58,59,61,81,86,86,92,91,97,77,80,83,87,136,158,183,210,231,231
SOUTH,ELEMENTARY,  QUINTANA ROO,PRIVATE,40,47,47,49,53,59,60,62,68,76,80,83,84,90,93,96,105,111,115,124,126,131,136,142,145,149,157,165,151
SOUTH,ELEMENTARY,  QUINTANA ROO,PUBLIC,531,547,555,585,593,607,624,634,624,643,645,650,658,656,653,659,669,688,700,710,714,716,726,712,715,742,752,762,762
SOUTH,JR HIGH,  QUINTANA ROO,PRIVATE,11,12,14,16,20,21,21,21,26,29,34,40,44,42,45,49,51,52,56,61,64,66,66,67,80,84,85,85,105
SOUTH,JR HIGH,  QUINTANA ROO,PUBLIC,90,96,97,113,145,160,170,179,186,194,205,221,233,233,240,247,255,267,274,300,314,321,326,337,340,344,349,350,350
NORTH CENTER,UNIVERSITY,  SAN LUIS POTOSÍ,PRIVATE,3,3,3,5,5,5,5,7,10,12,12,14,15,20,24,28,33,35,34,31,31,32,34,38,36,40,39,41,52
NORTH CENTER,UNIVERSITY,  SAN LUIS POTOSÍ,PUBLIC,23,23,23,23,24,23,23,25,26,27,27,31,34,40,40,45,45,47,47,48,48,61,49,49,49,47,47,49,49
NORTH CENTER,HIGH SCHOOL,  SAN LUIS POTOSÍ,PRIVATE,83,100,108,106,111,116,119,123,124,124,121,123,120,129,131,129,126,128,133,132,130,130,137,332,325,319,318,344,327
NORTH CENTER,HIGH SCHOOL,  SAN LUIS POTOSÍ,PUBLIC,89,94,89,93,100,111,120,127,149,155,156,240,256,268,275,279,281,280,292,295,303,316,323,140,155,192,189,205,205
NORTH CENTER,ELEMENTARY,  SAN LUIS POTOSÍ,PRIVATE,85,91,99,111,117,121,135,134,137,137,138,141,141,150,155,158,162,166,177,183,194,196,198,196,197,197,196,197,199
NORTH CENTER,ELEMENTARY,  SAN LUIS POTOSÍ,PUBLIC,3027,2994,3002,3282,3280,3359,3445,3447,3401,3370,3396,3391,3333,3325,3300,3293,3269,3272,3254,3240,3220,3207,3179,3147,3102,3060,3025,3009,3009
NORTH CENTER,JR HIGH,  SAN LUIS POTOSÍ,PRIVATE,75,77,72,72,77,78,86,90,89,89,88,92,95,98,102,107,104,106,110,112,110,115,117,121,121,126,124,124,128
NORTH CENTER,JR HIGH,  SAN LUIS POTOSÍ,PUBLIC,1239,1228,1221,1236,1244,1260,1283,1309,1336,1348,1363,1367,1371,1379,1380,1419,1442,1458,1476,1488,1521,1521,1535,1562,1570,1568,1571,1571,1571
NORTH CENTER,UNIVERSITY,  SINALOA,PRIVATE,10,10,13,13,14,15,16,17,19,22,25,25,26,33,45,45,48,48,47,43,44,51,45,48,46,44,42,40,46
NORTH CENTER,UNIVERSITY,  SINALOA,PUBLIC,34,34,39,41,41,42,44,47,49,50,49,50,49,53,54,61,62,66,70,74,75,75,83,82,83,79,81,81,81
NORTH CENTER,HIGH SCHOOL,  SINALOA,PRIVATE,80,96,98,104,100,101,98,106,107,110,111,110,108,104,112,112,112,110,105,105,103,96,99,122,126,130,126,142,119
NORTH CENTER,HIGH SCHOOL,  SINALOA,PUBLIC,199,212,206,210,208,207,207,210,196,200,201,209,217,219,221,222,220,218,219,220,247,255,267,342,379,453,449,489,489
NORTH CENTER,ELEMENTARY,  SINALOA,PRIVATE,66,73,85,88,85,94,96,99,106,105,112,114,113,121,126,130,138,144,148,155,159,164,167,167,168,171,174,177,174
NORTH CENTER,ELEMENTARY,  SINALOA,PUBLIC,2582,2574,2672,2920,2995,2940,3017,3080,2955,2931,2850,2831,2764,2737,2664,2628,2618,2623,2691,2711,2643,2583,2548,2513,2433,2416,2388,2360,2360
NORTH CENTER,JR HIGH,  SINALOA,PRIVATE,50,53,63,64,66,68,74,78,74,77,77,78,84,85,87,92,89,89,90,91,93,96,94,103,110,113,116,116,125
NORTH CENTER,JR HIGH,  SINALOA,PUBLIC,370,380,393,412,446,507,568,606,619,628,646,655,657,661,690,696,704,716,726,755,798,811,829,831,847,833,859,859,859
NORTH,UNIVERSITY,  SONORA,PRIVATE,9,9,11,11,13,15,18,15,17,18,19,19,18,21,24,22,40,39,37,36,39,51,44,47,42,45,40,40,52
NORTH,UNIVERSITY,  SONORA,PUBLIC,42,45,31,39,39,43,44,45,49,48,49,50,53,58,60,70,67,68,69,73,75,83,84,85,86,81,81,82,82
NORTH,HIGH SCHOOL,  SONORA,PRIVATE,116,126,224,211,227,188,178,180,160,139,149,150,145,148,136,150,135,143,96,101,144,141,144,133,145,145,148,151,141
NORTH,HIGH SCHOOL,  SONORA,PUBLIC,122,127,128,129,130,133,138,141,139,137,137,141,140,139,146,167,166,163,157,159,172,181,186,189,208,231,245,246,246
NORTH,ELEMENTARY,  SONORA,PRIVATE,111,110,118,127,121,123,128,135,142,147,160,168,180,182,177,181,187,198,197,199,196,206,205,209,211,218,223,228,229
NORTH,ELEMENTARY,  SONORA,PUBLIC,1613,1579,1594,1650,1650,1673,1689,1695,1690,1693,1674,1673,1661,1630,1619,1627,1651,1648,1639,1646,1653,1689,1678,1683,1674,1658,1642,1629,1629
NORTH,JR HIGH,  SONORA,PRIVATE,96,98,94,92,85,81,82,84,90,89,91,94,89,90,87,91,93,94,98,98,98,97,109,115,123,133,136,136,135
NORTH,JR HIGH,  SONORA,PUBLIC,421,433,436,446,471,486,502,510,519,526,531,532,528,531,538,545,563,574,586,577,585,591,608,618,621,615,606,38,38
SOUTH,UNIVERSITY,  TABASCO,PRIVATE,0,0,0,0,4,4,4,7,8,8,9,10,10,11,11,11,10,13,13,14,18,20,24,23,21,24,24,23,29
SOUTH,UNIVERSITY,  TABASCO,PUBLIC,10,11,11,11,12,13,15,15,20,20,22,23,23,25,25,29,29,31,33,36,38,35,39,40,41,38,38,38,38
SOUTH,HIGH SCHOOL,  TABASCO,PRIVATE,86,90,77,72,65,54,49,46,46,44,41,43,45,52,49,55,57,58,60,60,60,60,61,62,65,64,72,70,79
SOUTH,HIGH SCHOOL,  TABASCO,PUBLIC,90,101,102,112,128,129,132,136,141,143,144,147,172,174,187,194,200,203,209,214,218,218,221,232,280,303,305,313,313
SOUTH,ELEMENTARY,  TABASCO,PRIVATE,55,54,63,65,70,69,74,73,74,75,75,76,77,80,82,89,92,96,96,98,99,98,99,103,104,110,111,112,110
SOUTH,ELEMENTARY,  TABASCO,PUBLIC,1871,1886,1942,1982,2011,2047,2078,2095,2092,2098,2099,2097,2084,2070,2061,2045,2046,2045,2041,2032,2022,2024,2021,2015,2001,2004,1991,1984,1984
SOUTH,JR HIGH,  TABASCO,PRIVATE,49,52,46,45,46,43,43,41,38,41,41,45,47,47,52,53,58,59,60,65,62,66,69,72,75,73,79,79,87
SOUTH,JR HIGH,  TABASCO,PUBLIC,352,367,369,404,462,485,498,510,524,532,552,562,571,590,612,639,662,665,667,677,679,677,681,686,691,691,697,697,697
NORTH,UNIVERSITY,  TAMAULIPAS,PRIVATE,41,40,40,44,46,46,52,53,61,74,84,93,63,81,82,76,70,70,75,83,87,101,94,98,101,108,109,113,125
NORTH,UNIVERSITY,  TAMAULIPAS,PUBLIC,27,28,28,28,37,29,29,29,29,30,31,32,33,37,40,46,44,46,47,52,53,49,56,56,56,47,46,46,46
NORTH,HIGH SCHOOL,  TAMAULIPAS,PRIVATE,96,98,92,88,84,94,105,110,110,108,107,149,163,180,170,174,178,181,179,199,176,189,201,237,240,243,247,258,254
NORTH,HIGH SCHOOL,  TAMAULIPAS,PUBLIC,104,109,108,106,115,121,125,128,135,148,153,149,154,151,156,156,160,156,161,165,180,179,173,178,210,247,244,246,246
NORTH,ELEMENTARY,  TAMAULIPAS,PRIVATE,72,77,83,91,101,102,111,121,124,133,143,142,150,164,176,194,203,226,245,259,272,282,290,299,304,308,317,326,321
NORTH,ELEMENTARY,  TAMAULIPAS,PUBLIC,2242,2188,2189,2251,2297,2365,2357,2328,2308,2344,2281,2326,2277,2261,2241,2236,2246,2262,2230,2254,2263,2224,2201,2180,2118,2098,2075,2058,2058
NORTH,JR HIGH,  TAMAULIPAS,PRIVATE,46,53,54,57,58,65,68,73,79,80,83,88,90,87,96,103,111,118,126,129,129,132,141,149,162,168,170,171,183
NORTH,JR HIGH,  TAMAULIPAS,PUBLIC,298,320,321,333,379,379,413,454,462,493,514,519,526,545,557,560,575,580,588,600,607,612,611,610,611,614,608,608,608
CENTER,UNIVERSITY,  TLAXCALA,PRIVATE,2,2,3,5,7,8,9,10,10,10,9,9,9,10,10,14,16,14,17,19,20,29,27,27,27,27,27,28,31
CENTER,UNIVERSITY,  TLAXCALA,PUBLIC,16,16,15,15,15,15,15,15,15,15,15,15,16,16,16,17,18,19,19,20,20,19,20,20,20,19,19,19,19
CENTER,HIGH SCHOOL,  TLAXCALA,PRIVATE,57,60,62,75,77,76,69,63,63,61,61,62,67,66,63,63,67,66,72,76,76,73,67,70,71,69,72,74,69
CENTER,HIGH SCHOOL,  TLAXCALA,PUBLIC,52,50,49,51,55,57,63,66,67,67,66,66,72,73,74,76,76,78,85,103,112,119,124,141,138,150,144,146,146
CENTER,ELEMENTARY,  TLAXCALA,PRIVATE,32,33,39,43,46,50,57,62,69,69,74,80,86,97,99,105,105,115,125,127,130,130,122,123,125,132,135,138,27
CENTER,ELEMENTARY,  TLAXCALA,PUBLIC,589,586,590,610,613,621,623,628,636,647,662,668,669,664,662,662,662,662,665,666,665,665,671,670,670,664,658,653,653
CENTER,JR HIGH,  TLAXCALA,PRIVATE,21,22,23,24,29,26,25,28,33,34,35,38,39,40,42,47,50,52,56,55,53,55,55,56,56,56,64,64,65
CENTER,JR HIGH,  TLAXCALA,PUBLIC,179,184,187,191,202,206,216,222,231,238,255,256,256,256,273,277,281,288,292,296,301,307,313,316,318,319,318,318,318
SOUTH,UNIVERSITY,  VERACRUZ,PRIVATE,15,17,14,20,42,47,51,63,66,73,78,76,101,99,109,139,135,142,142,162,166,203,177,180,175,183,174,214,170
SOUTH,UNIVERSITY,  VERACRUZ,PUBLIC,81,94,53,102,93,94,86,89,88,88,94,96,104,106,107,123,122,123,131,133,132,127,129,129,128,116,116,168,224
SOUTH,HIGH SCHOOL,  VERACRUZ,PRIVATE,235,230,227,260,253,248,241,253,256,275,264,264,296,356,374,394,391,393,400,392,386,372,365,400,401,398,398,397,412
SOUTH,HIGH SCHOOL,  VERACRUZ,PUBLIC,275,333,330,380,462,512,569,635,745,798,807,927,997,1038,1104,1154,1153,1183,1204,1243,1279,1304,1334,1354,1388,1429,1429,1436,1438
SOUTH,ELEMENTARY,  VERACRUZ,PRIVATE,160,165,196,207,222,237,247,256,257,268,271,277,287,299,313,331,336,345,361,369,371,376,372,391,402,410,412,432,438
SOUTH,ELEMENTARY,  VERACRUZ,PUBLIC,8656,8603,8795,9253,9444,9496,9539,9634,9630,9553,9597,9626,9513,9495,9431,9398,9313,9276,9298,9420,9354,9373,9382,9261,9204,9191,8961,9037,8962
SOUTH,JR HIGH,  VERACRUZ,PRIVATE,171,175,176,175,171,173,173,174,175,175,184,185,189,206,204,220,234,235,241,242,246,252,259,267,271,281,298,323,327
SOUTH,JR HIGH,  VERACRUZ,PUBLIC,1509,1616,1623,1656,1744,1814,1855,1915,2017,2093,2094,2150,2267,2292,2359,2424,2454,2609,2653,2720,2851,2972,3035,3061,3088,3116,3130,3173,3210
SOUTH,UNIVERSITY,  YUCATÁN,PRIVATE,10,11,15,19,20,28,31,35,39,40,41,42,43,47,49,51,56,56,56,63,68,74,69,74,74,71,69,95,96
SOUTH,UNIVERSITY,  YUCATÁN,PUBLIC,18,18,19,18,18,18,18,18,19,21,25,25,26,26,26,28,28,28,28,28,28,30,32,32,32,31,32,40,41
SOUTH,HIGH SCHOOL,  YUCATÁN,PRIVATE,60,61,62,67,82,82,91,95,99,107,105,107,106,109,106,112,123,124,123,125,120,118,116,119,119,117,116,114,117
SOUTH,HIGH SCHOOL,  YUCATÁN,PUBLIC,52,56,58,58,67,70,78,97,109,119,124,122,121,131,135,134,111,111,122,122,127,126,126,140,254,342,343,339,337
SOUTH,ELEMENTARY,  YUCATÁN,PRIVATE,63,74,73,95,102,101,106,108,108,110,116,119,125,125,128,131,135,142,149,150,157,167,171,176,178,178,183,184,191
SOUTH,ELEMENTARY,  YUCATÁN,PUBLIC,1196,1203,1201,1243,1259,1264,1294,1297,1295,1310,1310,1313,1291,1272,1248,1218,1209,1224,1229,1237,1246,1247,1240,1236,1219,1218,1211,1208,1201
SOUTH,JR HIGH,  YUCATÁN,PRIVATE,43,44,48,49,56,65,62,64,64,64,66,69,69,69,67,69,75,78,83,87,90,97,97,100,102,107,109,109,120
SOUTH,JR HIGH,  YUCATÁN,PUBLIC,157,169,211,250,319,337,338,357,370,387,408,412,414,427,439,442,449,457,463,484,505,520,530,534,535,533,529,529,543
NORTH CENTER,UNIVERSITY,  ZACATECAS,PRIVATE,2,2,2,2,2,2,2,2,2,2,3,3,5,6,6,8,10,14,14,16,16,17,17,17,18,16,16,15,27
NORTH CENTER,UNIVERSITY,  ZACATECAS,PUBLIC,16,17,19,19,20,20,20,20,22,22,29,29,34,34,34,38,37,41,41,43,44,44,45,42,43,40,40,42,42
NORTH CENTER,HIGH SCHOOL,  ZACATECAS,PRIVATE,40,38,17,17,15,14,14,18,19,17,22,25,26,25,28,32,35,32,37,39,38,36,38,43,46,41,41,42,47
NORTH CENTER,HIGH SCHOOL,  ZACATECAS,PUBLIC,55,54,74,74,79,86,90,99,99,101,102,102,116,122,135,136,136,135,141,144,148,157,163,176,223,258,259,261,261
NORTH CENTER,ELEMENTARY,  ZACATECAS,PRIVATE,47,47,48,48,49,50,53,54,54,54,56,59,62,64,69,71,71,73,75,75,78,77,78,77,76,73,73,73,73
NORTH CENTER,ELEMENTARY,  ZACATECAS,PUBLIC,2332,2271,2268,2334,2325,2320,2302,2266,2167,2144,2140,2136,2077,2031,2000,1987,1980,2000,1944,1956,1954,1918,1885,1871,1799,1761,1764,1766,1766
NORTH CENTER,JR HIGH,  ZACATECAS,PRIVATE,20,22,23,24,24,25,27,28,28,28,29,33,34,34,35,37,41,39,37,42,44,45,48,51,49,51,50,50,53
NORTH CENTER,JR HIGH,  ZACATECAS,PUBLIC,792,789,784,780,809,858,889,933,948,978,994,1014,1022,1032,1074,1073,1070,1070,1084,1088,1106,1117,1114,1115,1106,1100,1099,1099,1099