REGION,LEVEL,STATE,TYPE,2012-2013,2013-2014,2014-2015,2015-2016,2016-2017,2017-2018,2018-2019,2019-2020
NORTH CENTER,ELEMENTARY,AGUASCALIENTES,PUBLIC,145740,144735,143571,142512,141740,141221,141712,142523
NORTH CENTER,ELEMENTARY,AGUASCALIENTES,PRIVATE,14516,14715,14746,15282,15837,16146,17120,17596
NORTH CENTER,JR HIGH,AGUASCALIENTES,PUBLIC,67155,68699,69866,69111,68248,67568,66148,66356
NORTH CENTER,JR HIGH,AGUASCALIENTES,PRIVATE,5266,5557,5828,6016,6225,6314,6969,7188
NORTH CENTER,HIGH SCHOOL,AGUASCALIENTES,PUBLIC,36858,37863,40941,43954,45753,47220,46364,47163
NORTH CENTER,HIGH SCHOOL,AGUASCALIENTES,PRIVATE,10798,14071,13627,13766,12864,12170,12596,11708
NORTH CENTER,UNIVERSITY,AGUASCALIENTES,PUBLIC,27063,28694,30752,31948,34081,36310,39381,39594
NORTH CENTER,UNIVERSITY,AGUASCALIENTES,PRIVATE,10157,9827,9622,11822,13138,14071,14795,15238
NORTH,ELEMENTARY,BAJA CALIFORNIA,PUBLIC,364248,350637,349045,344440,344105,343907,340116,337952
NORTH,ELEMENTARY,BAJA CALIFORNIA,PRIVATE,38772,38033,38675,40947,44231,45871,49344,52270
NORTH,JR HIGH,BAJA CALIFORNIA,PUBLIC,166798,179654,182021,178478,166582,164554,162696,163376
NORTH,JR HIGH,BAJA CALIFORNIA,PRIVATE,14597,16478,17286,18226,17843,17975,19560,21131
NORTH,HIGH SCHOOL,BAJA CALIFORNIA,PUBLIC,106224,106390,111852,117845,117143,112304,114566,109282
NORTH,HIGH SCHOOL,BAJA CALIFORNIA,PRIVATE,26260,29092,29157,31682,43529,48924,45518,41079
NORTH,UNIVERSITY,BAJA CALIFORNIA,PUBLIC,71550,74322,77728,82332,84504,86054,90832,93030
NORTH,UNIVERSITY,BAJA CALIFORNIA,PRIVATE,18844,18594,19320,23072,23838,24603,31934,37496
NORTH CENTER,ELEMENTARY,BAJA CALIFORNIA SUR,PUBLIC,74982,73718,73594,73582,73980,74486,75399,76919
NORTH CENTER,ELEMENTARY,BAJA CALIFORNIA SUR,PRIVATE,6487,6418,6730,7293,7726,8054,8631,8853
NORTH CENTER,JR HIGH,BAJA CALIFORNIA SUR,PUBLIC,32008,34736,36150,36003,35073,34754,34989,76819
NORTH CENTER,JR HIGH,BAJA CALIFORNIA SUR,PRIVATE,2680,2807,2929,3220,3420,3554,3527,8853
NORTH CENTER,HIGH SCHOOL,BAJA CALIFORNIA SUR,PUBLIC,25112,27039,26834,27982,29675,30267,31401,31573
NORTH CENTER,HIGH SCHOOL,BAJA CALIFORNIA SUR,PRIVATE,2411,2419,2393,2679,3054,3327,3121,2894
NORTH CENTER,UNIVERSITY,BAJA CALIFORNIA SUR,PUBLIC,11499,12447,13601,14978,15398,16203,19297,20340
NORTH CENTER,UNIVERSITY,BAJA CALIFORNIA SUR,PRIVATE,5463,5188,5085,4828,4957,4781,5587,5244
SOUTH,ELEMENTARY,CAMPECHE,PUBLIC,97953,97126,94707,94190,93401,92405,92384,92924
SOUTH,ELEMENTARY,CAMPECHE,PRIVATE,7877,8299,8337,8089,7885,7960,7510,7558
SOUTH,JR HIGH,CAMPECHE,PUBLIC,39258,39963,41978,42232,41983,40015,40218,39586
SOUTH,JR HIGH,CAMPECHE,PRIVATE,5029,5449,6207,6300,6032,5829,5075,4970
SOUTH,HIGH SCHOOL,CAMPECHE,PUBLIC,29448,29900,30178,31252,32842,36339,34673,34936
SOUTH,HIGH SCHOOL,CAMPECHE,PRIVATE,2600,3011,3138,3248,2919,2962,2975,2804
SOUTH,UNIVERSITY,CAMPECHE,PUBLIC,19814,20845,21663,22389,22943,23441,24370,24620
SOUTH,UNIVERSITY,CAMPECHE,PRIVATE,3035,2928,2890,3065,3145,3137,3456,3607
SOUTH,ELEMENTARY,CHIAPAS,PUBLIC,756393,750498,756485,760672,754752,752538,765221,773448
SOUTH,ELEMENTARY,CHIAPAS,PRIVATE,17602,18876,19955,20359,24971,26587,23698,23154
SOUTH,JR HIGH,CHIAPAS,PUBLIC,280977,291845,301264,303378,300504,300043,297395,293138
SOUTH,JR HIGH,CHIAPAS,PRIVATE,6924,7689,8456,8809,10789,11699,10735,10525
SOUTH,HIGH SCHOOL,CHIAPAS,PUBLIC,204295,210590,211319,212489,216954,229563,218167,201237
SOUTH,HIGH SCHOOL,CHIAPAS,PRIVATE,14380,16942,17490,18873,18760,20277,18616,15327
SOUTH,UNIVERSITY,CHIAPAS,PUBLIC,44194,45522,46932,49337,51057,52084,56728,56818
SOUTH,UNIVERSITY,CHIAPAS,PRIVATE,22937,24134,20961,20730,21693,21222,23766,23354
NORTH,ELEMENTARY,CHIHUAHUA,PUBLIC,406748,403169,399482,397323,393526,390683,384278,379906
NORTH,ELEMENTARY,CHIHUAHUA,PRIVATE,30056,30800,31544,32371,33914,34893,37678,38350
NORTH,JR HIGH,CHIHUAHUA,PUBLIC,176108,179081,180696,171209,174886,173612,169067,170443
NORTH,JR HIGH,CHIHUAHUA,PRIVATE,11841,12093,12539,19656,13320,13742,19699,19652
NORTH,HIGH SCHOOL,CHIHUAHUA,PUBLIC,103227,92823,105136,108571,108577,109896,106990,108763
NORTH,HIGH SCHOOL,CHIHUAHUA,PRIVATE,31071,48256,41689,41066,41958,41792,41904,38083
NORTH,UNIVERSITY,CHIHUAHUA,PUBLIC,86282,89643,93815,97852,101776,106529,111376,113633
NORTH,UNIVERSITY,CHIHUAHUA,PRIVATE,15298,16400,17534,16298,17678,18428,21135,22126
CENTER,ELEMENTARY,CIUDAD DE MÉXICO,PUBLIC,747662,733207,708803,708408,687533,674879,652661,643672
CENTER,ELEMENTARY,CIUDAD DE MÉXICO,PRIVATE,176740,174907,168180,171160,169584,168263,167182,162033
CENTER,JR HIGH,CIUDAD DE MÉXICO,PUBLIC,403365,415882,416141,408397,393125,381217,373208,366563
CENTER,JR HIGH,CIUDAD DE MÉXICO,PRIVATE,69934,71674,73065,73920,73160,71349,71441,70264
CENTER,HIGH SCHOOL,CIUDAD DE MÉXICO,PUBLIC,355814,370542,384225,386837,388259,385176,388415,386957
CENTER,HIGH SCHOOL,CIUDAD DE MÉXICO,PRIVATE,78737,87231,86652,86887,88992,88993,82153,79275
CENTER,UNIVERSITY,CIUDAD DE MÉXICO,PUBLIC,285015,295677,298000,303940,309445,314560,361723,369775
CENTER,UNIVERSITY,CIUDAD DE MÉXICO,PRIVATE,150851,164130,155734,153518,164588,167420,187694,190905
CENTER,ELEMENTARY,COAHUILA,PUBLIC,325533,322225,300123,298127,294236,289242,293215,293751
CENTER,ELEMENTARY,COAHUILA,PRIVATE,38222,39425,38447,39667,41196,42160,43898,44822
CENTER,JR HIGH,COAHUILA,PUBLIC,135460,135820,145992,148601,144910,132250,131663,131416
CENTER,JR HIGH,COAHUILA,PRIVATE,18183,19201,22336,23260,23711,22455,22519,22927
CENTER,HIGH SCHOOL,COAHUILA,PUBLIC,66693,66856,69502,76631,81580,94032,89111,86912
CENTER,HIGH SCHOOL,COAHUILA,PRIVATE,35114,36869,37348,37646,38045,40927,41817,39143
CENTER,UNIVERSITY,COAHUILA,PUBLIC,54976,57951,60427,62816,65729,69092,72913,75492
CENTER,UNIVERSITY,COAHUILA,PRIVATE,21807,23027,22824,24295,25445,26618,32402,36065
CENTER,ELEMENTARY,COLIMA,PUBLIC,74369,74849,74830,72702,71596,70610,68616,68278
CENTER,ELEMENTARY,COLIMA,PRIVATE,6139,5930,6016,6049,6180,6198,7441,7515
CENTER,JR HIGH,COLIMA,PUBLIC,30040,31139,32974,34819,35108,35234,32763,32125
CENTER,JR HIGH,COLIMA,PRIVATE,1978,1856,2269,2479,2555,2613,2523,2689
CENTER,HIGH SCHOOL,COLIMA,PUBLIC,22479,22048,22171,23141,23739,24748,25429,25890
CENTER,HIGH SCHOOL,COLIMA,PRIVATE,3296,5494,5308,5454,5293,5319,6085,6327
CENTER,UNIVERSITY,COLIMA,PUBLIC,15763,16385,17134,17496,17630,17742,19180,18970
CENTER,UNIVERSITY,COLIMA,PRIVATE,2433,2451,2299,1905,1756,1584,1775,2068
NORTH CENTER,ELEMENTARY,DURANGO,PUBLIC,214860,213385,206952,205868,205479,205273,207364,207484
NORTH CENTER,ELEMENTARY,DURANGO,PRIVATE,10659,10928,10975,11271,11842,12251,12398,13081
NORTH CENTER,JR HIGH,DURANGO,PUBLIC,91342,90715,95975,96322,96745,91892,89478,88565
NORTH CENTER,JR HIGH,DURANGO,PRIVATE,5561,5638,6138,6295,6454,6159,6212,6450
NORTH CENTER,HIGH SCHOOL,DURANGO,PUBLIC,67064,69907,71760,73066,69989,73663,69590,68652
NORTH CENTER,HIGH SCHOOL,DURANGO,PRIVATE,8343,8494,8995,9175,9023,9609,10874,10355
NORTH CENTER,UNIVERSITY,DURANGO,PUBLIC,29874,30854,33318,35165,36497,37951,41651,42341
NORTH CENTER,UNIVERSITY,DURANGO,PRIVATE,6862,6813,6643,7049,7305,7378,10066,10546
CENTER,ELEMENTARY,GUANAJUATO,PUBLIC,705407,691925,662803,651402,644508,640200,640899,637364
CENTER,ELEMENTARY,GUANAJUATO,PRIVATE,67549,68700,66827,67104,67909,68984,70671,70675
CENTER,JR HIGH,GUANAJUATO,PUBLIC,294071,299087,324483,327511,321439,298794,287832,281692
CENTER,JR HIGH,GUANAJUATO,PRIVATE,30814,32640,35086,35783,36443,34034,35252,34772
CENTER,HIGH SCHOOL,GUANAJUATO,PUBLIC,129577,136778,146708,157119,163923,179122,184249,187988
CENTER,HIGH SCHOOL,GUANAJUATO,PRIVATE,59289,71013,66809,73073,69932,74176,72127,65256
CENTER,UNIVERSITY,GUANAJUATO,PUBLIC,54103,58097,63200,68241,74575,81834,89897,94497
CENTER,UNIVERSITY,GUANAJUATO,PRIVATE,40162,40330,38840,44949,51148,55238,65368,66350
SOUTH,ELEMENTARY,GUERRERO,PUBLIC,498246,485430,473371,463636,450687,438474,432140,426931
SOUTH,ELEMENTARY,GUERRERO,PRIVATE,14782,14391,14742,15283,15690,15767,15785,15931
SOUTH,JR HIGH,GUERRERO,PUBLIC,196176,204039,211143,212034,206255,200907,193730,186233
SOUTH,JR HIGH,GUERRERO,PRIVATE,6730,7075,7688,7968,7962,7785,7691,7821
SOUTH,HIGH SCHOOL,GUERRERO,PUBLIC,119522,120294,129995,135113,138788,141756,140166,137101
SOUTH,HIGH SCHOOL,GUERRERO,PRIVATE,6203,7653,7548,7829,8025,8176,8059,8222
SOUTH,UNIVERSITY,GUERRERO,PUBLIC,45866,48772,51180,54707,57993,61857,64128,65208
SOUTH,UNIVERSITY,GUERRERO,PRIVATE,5680,5825,5299,7214,7973,8675,10432,12363
CENTER,ELEMENTARY,HIDALGO,PUBLIC,333577,331120,329011,327661,325523,323107,322501,318513
CENTER,ELEMENTARY,HIDALGO,PRIVATE,26701,27283,27760,28135,28965,29537,30482,30940
CENTER,JR HIGH,HIDALGO,PUBLIC,151056,155368,159506,161442,162136,162453,160585,159565
CENTER,JR HIGH,HIDALGO,PRIVATE,9088,9734,10417,10975,11379,11481,12135,12331
CENTER,HIGH SCHOOL,HIDALGO,PUBLIC,93494,92065,100295,108622,113895,120023,117329,119692
CENTER,HIGH SCHOOL,HIDALGO,PRIVATE,19755,24204,22493,20576,20337,18889,22126,21850
CENTER,UNIVERSITY,HIDALGO,PUBLIC,54066,58498,63014,67945,70609,74527,81977,85795
CENTER,UNIVERSITY,HIDALGO,PRIVATE,16201,16943,17543,16824,17763,18064,22281,21850
NORTH CENTER,ELEMENTARY,JALISCO,PUBLIC,866677,852362,837596,828116,823649,822048,823444,821019
NORTH CENTER,ELEMENTARY,JALISCO,PRIVATE,108672,107475,104581,105568,108395,109503,111977,113841
NORTH CENTER,JR HIGH,JALISCO,PUBLIC,364003,383564,403654,391496,384846,374324,366261,363423
NORTH CENTER,JR HIGH,JALISCO,PRIVATE,40401,43942,46550,50187,47018,45990,50069,50267
NORTH CENTER,HIGH SCHOOL,JALISCO,PUBLIC,218212,227036,232080,239618,244527,250945,254394,254090
NORTH CENTER,HIGH SCHOOL,JALISCO,PRIVATE,48473,66942,63811,68764,73151,78504,78803,70639
NORTH CENTER,UNIVERSITY,JALISCO,PUBLIC,119809,126918,135981,138927,142171,145792,159529,163678
NORTH CENTER,UNIVERSITY,JALISCO,PRIVATE,72422,76415,74579,74516,74338,73996,85678,86738
CENTER,ELEMENTARY,MÉXICO,PUBLIC,1796262,1787362,1779277,1767753,1745864,1719827,1698216,1665373
CENTER,ELEMENTARY,MÉXICO,PRIVATE,164972,167336,167199,168695,171373,171546,177679,176980
CENTER,JR HIGH,MÉXICO,PUBLIC,791936,814869,833296,836407,834233,834607,826113,819452
CENTER,JR HIGH,MÉXICO,PRIVATE,62646,65755,67096,68520,69156,69376,71465,72437
CENTER,HIGH SCHOOL,MÉXICO,PUBLIC,456480,463343,492356,519647,537398,553684,551757,558643
CENTER,HIGH SCHOOL,MÉXICO,PRIVATE,87689,104069,102819,99945,104985,104916,113263,112009
CENTER,UNIVERSITY,MÉXICO,PUBLIC,197788,211636,224886,238677,248796,262809,275966,273233
CENTER,UNIVERSITY,MÉXICO,PRIVATE,134446,141393,142561,146441,153171,158582,183600,187345
NORTH CENTER,ELEMENTARY,MICHOACÁN,PUBLIC,502196,514470,510550,506405,500415,497619,494279,487700
NORTH CENTER,ELEMENTARY,MICHOACÁN,PRIVATE,55110,55539,55313,55991,58724,59543,62693,63440
NORTH CENTER,JR HIGH,MICHOACÁN,PUBLIC,215574,220115,220777,218083,216501,216389,210631,201420
NORTH CENTER,JR HIGH,MICHOACÁN,PRIVATE,20017,20819,21285,21711,22925,23122,25197,25675
NORTH CENTER,HIGH SCHOOL,MICHOACÁN,PUBLIC,127311,132708,136029,135733,134762,136400,12878,130560
NORTH CENTER,HIGH SCHOOL,MICHOACÁN,PRIVATE,29975,40150,40587,38809,40390,40989,43591,36639
NORTH CENTER,UNIVERSITY,MICHOACÁN,PUBLIC,72018,71724,72932,76781,77195,77863,87946,88983
NORTH CENTER,UNIVERSITY,MICHOACÁN,PRIVATE,14002,14057,14372,17583,18511,18841,25316,24396
CENTER,ELEMENTARY,MORELOS,PUBLIC,199396,192341,189925,187407,184675,182951,177822,176734
CENTER,ELEMENTARY,MORELOS,PRIVATE,25716,25089,25017,25138,26114,26409,28853,28140
CENTER,JR HIGH,MORELOS,PUBLIC,87569,94292,96056,94986,90230,89244,87675,85784
CENTER,JR HIGH,MORELOS,PRIVATE,10584,11626,12011,12045,11695,11607,12081,12094
CENTER,HIGH SCHOOL,MORELOS,PUBLIC,52058,49698,53702,58519,57857,56940,58971,56749
CENTER,HIGH SCHOOL,MORELOS,PRIVATE,20238,24595,23303,24657,27394,28294,27445,24004
CENTER,UNIVERSITY,MORELOS,PUBLIC,27369,30340,34711,37184,40516,43365,46887,47240
CENTER,UNIVERSITY,MORELOS,PRIVATE,17107,13362,14126,13618,13997,14143,17555,18038
NORTH CENTER,ELEMENTARY,NAYARIT,PUBLIC,131327,128242,128259,128243,128864,128260,128553,130053
NORTH CENTER,ELEMENTARY,NAYARIT,PRIVATE,7980,8258,8334,8824,7911,7948,9585,9237
NORTH CENTER,JR HIGH,NAYARIT,PUBLIC,57732,61113,62317,61523,58313,57988,57777,58723
NORTH CENTER,JR HIGH,NAYARIT,PRIVATE,2617,3110,3402,3752,3598,3619,3960,3982
NORTH CENTER,HIGH SCHOOL,NAYARIT,PUBLIC,37972,39959,40653,40805,43669,43899,42615,41776
NORTH CENTER,HIGH SCHOOL,NAYARIT,PRIVATE,7015,10057,8940,9374,10130,10708,10251,9951
NORTH CENTER,UNIVERSITY,NAYARIT,PUBLIC,24674,26045,26943,27052,28225,29238,29953,31290
NORTH CENTER,UNIVERSITY,NAYARIT,PRIVATE,2552,2537,2860,2902,3195,3367,3838,3501
NORTH,ELEMENTARY,NUEVO LEÓN,PUBLIC,507934,501029,489576,491503,493527,494678,500854,503290
NORTH,ELEMENTARY,NUEVO LEÓN,PRIVATE,69769,69695,68468,69793,72305,73640,76511,77678
NORTH,JR HIGH,NUEVO LEÓN,PUBLIC,227716,240898,259352,257446,248920,237102,236858,239950
NORTH,JR HIGH,NUEVO LEÓN,PRIVATE,27932,29331,31303,31611,31667,30319,31349,31749
NORTH,HIGH SCHOOL,NUEVO LEÓN,PUBLIC,105756,115508,122844,130089,135982,147464,143394,144139
NORTH,HIGH SCHOOL,NUEVO LEÓN,PRIVATE,53456,51922,50736,50760,52150,54814,52255,47200
NORTH,UNIVERSITY,NUEVO LEÓN,PUBLIC,92589,97915,102029,110205,117487,123382,138128,147061
NORTH,UNIVERSITY,NUEVO LEÓN,PRIVATE,60758,57422,56402,58809,60063,62083,77376,82025
SOUTH,ELEMENTARY,OAXACA,PUBLIC,537701,514036,514012,512943,509086,504627,478755,446932
SOUTH,ELEMENTARY,OAXACA,PRIVATE,16594,18599,18347,18131,20027,20789,19645,19272
SOUTH,JR HIGH,OAXACA,PUBLIC,218481,215435,223765,225005,222997,224505,221166,215231
SOUTH,JR HIGH,OAXACA,PRIVATE,6491,7630,7823,7771,8583,8721,8135,7958
SOUTH,HIGH SCHOOL,OAXACA,PUBLIC,130688,127805,132313,134956,140169,144466,139811,138528
SOUTH,HIGH SCHOOL,OAXACA,PRIVATE,9232,12336,12220,12574,12629,12952,12583,11898
SOUTH,UNIVERSITY,OAXACA,PUBLIC,43464,44085,46488,49251,49455,50129,56724,58612
SOUTH,UNIVERSITY,OAXACA,PRIVATE,12818,13181,13803,14603,15155,15436,17238,17044
CENTER,ELEMENTARY,PUEBLA,PUBLIC,772220,764815,747446,730893,720725,716446,713334,709140
CENTER,ELEMENTARY,PUEBLA,PRIVATE,69120,69270,68279,66308,65956,66198,69433,69362
CENTER,JR HIGH,PUEBLA,PUBLIC,311803,322369,342593,356253,357776,346055,330557,321502
CENTER,JR HIGH,PUEBLA,PRIVATE,25512,26485,28654,30576,30908,29988,30025,29940
CENTER,HIGH SCHOOL,PUEBLA,PUBLIC,199925,202904,211513,223636,230009,245025,247212,249826
CENTER,HIGH SCHOOL,PUEBLA,PRIVATE,53970,58949,54978,56971,55576,57342,59633,57163
CENTER,UNIVERSITY,PUEBLA,PUBLIC,98420,102728,109305,116798,125712,133424,148940,154721
CENTER,UNIVERSITY,PUEBLA,PRIVATE,73688,73418,76506,79944,83113,86014,100621,105043
CENTER,ELEMENTARY,QUERÉTARO,PUBLIC,217064,211120,210606,210651,211525,211470,214917,215289
CENTER,ELEMENTARY,QUERÉTARO,PRIVATE,36830,37859,38002,39036,40273,41361,43485,44037
CENTER,JR HIGH,QUERÉTARO,PUBLIC,92813,100613,103926,105003,100192,99848,98499,100451
CENTER,JR HIGH,QUERÉTARO,PRIVATE,14508,15948,16854,17313,17444,17505,18296,18712
CENTER,HIGH SCHOOL,QUERÉTARO,PUBLIC,53938,55900,59746,62930,67121,68220,66691,65541
CENTER,HIGH SCHOOL,QUERÉTARO,PRIVATE,16138,17978,19318,20698,22650,23537,24748,24213
CENTER,UNIVERSITY,QUERÉTARO,PUBLIC,35770,37048,38770,41237,42257,43662,49593,50944
CENTER,UNIVERSITY,QUERÉTARO,PRIVATE,14843,16141,18264,21091,22396,24246,29035,32901
SOUTH,ELEMENTARY,QUINTANA ROO,PUBLIC,154657,153166,152750,155738,159735,162548,166391,169808
SOUTH,ELEMENTARY,QUINTANA ROO,PRIVATE,18559,19799,20563,21127,22773,23973,24877,24920
SOUTH,JR HIGH,QUINTANA ROO,PUBLIC,61968,66278,72641,75945,75063,74291,74873,76249
SOUTH,JR HIGH,QUINTANA ROO,PRIVATE,7179,7706,8567,9268,9674,9650,10388,10820
SOUTH,HIGH SCHOOL,QUINTANA ROO,PUBLIC,44431,49284,49930,49654,52198,56394,57528,57703
SOUTH,HIGH SCHOOL,QUINTANA ROO,PRIVATE,8058,8130,8011,7969,8177,8732,10015,10517
SOUTH,UNIVERSITY,QUINTANA ROO,PUBLIC,19228,20707,21584,23624,24659,24851,26106,27049
SOUTH,UNIVERSITY,QUINTANA ROO,PRIVATE,6180,7704,9190,9388,9044,8836,10963,11602
NORTH CENTER,ELEMENTARY,SAN LUIS POTOSÍ,PUBLIC,330924,324372,308984,300443,293762,288100,284331,279961
NORTH CENTER,ELEMENTARY,SAN LUIS POTOSÍ,PRIVATE,28815,28585,27403,27142,27584,27488,29114,29348
NORTH CENTER,JR HIGH,SAN LUIS POTOSÍ,PUBLIC,143708,146949,159148,159247,157191,146112,140592,136086
NORTH CENTER,JR HIGH,SAN LUIS POTOSÍ,PRIVATE,11149,11866,13069,13748,13826,12938,13665,13930
NORTH CENTER,HIGH SCHOOL,SAN LUIS POTOSÍ,PUBLIC,88336,66177,67385,68892,69053,74777,71895,71971
NORTH CENTER,HIGH SCHOOL,SAN LUIS POTOSÍ,PRIVATE,12118,38328,38080,39002,38941,42131,42848,38509
NORTH CENTER,UNIVERSITY,SAN LUIS POTOSÍ,PUBLIC,43371,44814,46439,48708,51105,53015,59446,61534
NORTH CENTER,UNIVERSITY,SAN LUIS POTOSÍ,PRIVATE,13794,14791,15224,16269,16599,17292,18026,18029
NORTH CENTER,ELEMENTARY,SINALOA,PUBLIC,315034,315441,305357,300357,295223,291337,286815,285012
NORTH CENTER,ELEMENTARY,SINALOA,PRIVATE,30761,31644,31353,32134,33430,34079,35274,35581
NORTH CENTER,JR HIGH,SINALOA,PUBLIC,142437,136028,146663,145994,148071,141196,139151,138683
NORTH CENTER,JR HIGH,SINALOA,PRIVATE,12462,13208,14145,14640,15168,14549,15428,15824
NORTH CENTER,HIGH SCHOOL,SINALOA,PUBLIC,117334,123578,120526,122923,118580,129752,125565,127361
NORTH CENTER,HIGH SCHOOL,SINALOA,PRIVATE,10825,13806,13853,13910,14100,15798,14876,15163
NORTH CENTER,UNIVERSITY,SINALOA,PUBLIC,82024,86561,92568,98617,103023,103853,114702,115699
NORTH CENTER,UNIVERSITY,SINALOA,PRIVATE,12747,13029,12777,12694,13076,12607,14043,14694
NORTH,ELEMENTARY,SONORA,PUBLIC,308465,292604,288651,285014,281925,279303,272950,268617
NORTH,ELEMENTARY,SONORA,PRIVATE,34409,33860,33786,34623,35767,36513,37854,38909
NORTH,JR HIGH,SONORA,PUBLIC,138554,151762,153331,149595,134807,131927,130044,131241
NORTH,JR HIGH,SONORA,PRIVATE,14118,16379,17148,17790,17081,16915,17417,18238
NORTH,HIGH SCHOOL,SONORA,PUBLIC,93976,94875,97304,99706,108974,109093,105739,99305
NORTH,HIGH SCHOOL,SONORA,PRIVATE,17282,16362,16971,17565,19742,20159,16406,16860
NORTH,UNIVERSITY,SONORA,PUBLIC,77273,78074,80237,82179,84766,85959,95256,102041
NORTH,UNIVERSITY,SONORA,PRIVATE,14949,15394,13982,15852,15667,15741,13251,15336
SOUTH,ELEMENTARY,TABASCO,PUBLIC,279358,277498,277634,279064,278194,276228,272725,272436
SOUTH,ELEMENTARY,TABASCO,PRIVATE,16418,17028,17243,17347,16991,17150,16255,16411
SOUTH,JR HIGH,TABASCO,PUBLIC,124752,127865,130720,128411,127543,128092,12786,127038
SOUTH,JR HIGH,TABASCO,PRIVATE,7281,8027,8334,8114,8007,8029,7774,7957
SOUTH,HIGH SCHOOL,TABASCO,PUBLIC,91205,91930,94592,99679,103488,106234,103550,104111
SOUTH,HIGH SCHOOL,TABASCO,PRIVATE,7472,7947,8479,8624,8497,8325,9268,8329
SOUTH,UNIVERSITY,TABASCO,PUBLIC,54810,56508,59381,61487,61387,61787,62459,63980
SOUTH,UNIVERSITY,TABASCO,PRIVATE,8805,8991,8246,8049,7455,7038,8824,9540
NORTH,ELEMENTARY,TAMAULIPAS,PUBLIC,371565,357296,358149,356344,353847,350015,344814,339498
NORTH,ELEMENTARY,TAMAULIPAS,PRIVATE,29313,30040,31307,32084,33340,34283,35905,37293
NORTH,JR HIGH,TAMAULIPAS,PUBLIC,158544,164342,167692,165382,158797,158260,156083,157203
NORTH,JR HIGH,TAMAULIPAS,PRIVATE,12372,13673,14654,15048,15133,15209,16433,17412
NORTH,HIGH SCHOOL,TAMAULIPAS,PUBLIC,94187,90513,94098,98593,101172,100758,100139,98882
NORTH,HIGH SCHOOL,TAMAULIPAS,PRIVATE,26902,35316,35251,38489,40950,42700,41203,41317
NORTH,UNIVERSITY,TAMAULIPAS,PUBLIC,68456,68576,69227,71984,72616,73289,80884,85038
NORTH,UNIVERSITY,TAMAULIPAS,PRIVATE,29429,29688,31392,33314,35083,36222,45206,50975
CENTER,ELEMENTARY,TLAXCALA,PUBLIC,144513,142744,141971,141022,139302,138309,138116,137664
CENTER,ELEMENTARY,TLAXCALA,PRIVATE,13398,13596,13948,14130,14573,14871,15390,15216
CENTER,JR HIGH,TLAXCALA,PUBLIC,66143,69048,70453,72355,70956,70606,69612,69020
CENTER,JR HIGH,TLAXCALA,PRIVATE,4451,4620,4729,4965,5198,5216,5469,5376
CENTER,HIGH SCHOOL,TLAXCALA,PUBLIC,46277,46881,48316,47550,49078,49720,51357,50208
CENTER,HIGH SCHOOL,TLAXCALA,PRIVATE,6188,6509,6323,6321,6582,6784,6665,6389
CENTER,UNIVERSITY,TLAXCALA,PUBLIC,21827,23101,23724,26523,28010,29319,31720,33020
CENTER,UNIVERSITY,TLAXCALA,PRIVATE,3054,3067,3405,3439,3770,3915,4298,4501
SOUTH,ELEMENTARY,VERACRUZ,PUBLIC,926927,895953,874018,851960,830077,809106,799582,786051
SOUTH,ELEMENTARY,VERACRUZ,PRIVATE,48770,51921,50833,49825,49255,49475,48656,48223
SOUTH,JR HIGH,VERACRUZ,PUBLIC,390114,404647,414503,412328,398514,387942,375089,361386
SOUTH,JR HIGH,VERACRUZ,PRIVATE,24558,27041,28510,28900,28043,27360,27276,26918
SOUTH,HIGH SCHOOL,VERACRUZ,PUBLIC,241851,272696,277353,290132,302059,305691,285629,278221
SOUTH,HIGH SCHOOL,VERACRUZ,PRIVATE,40145,41805,41393,41710,43600,43368,42619,38441
SOUTH,UNIVERSITY,VERACRUZ,PUBLIC,119631,125353,132568,139097,141690,146997,148713,149220
SOUTH,UNIVERSITY,VERACRUZ,PRIVATE,36221,35475,34865,35633,35445,35301,45125,47898
SOUTH,ELEMENTARY,YUCATÁN,PUBLIC,224973,220016,212702,209134,205764,204105,202460,203619
SOUTH,ELEMENTARY,YUCATÁN,PRIVATE,20770,20838,20970,21266,22004,22574,23848,25613
SOUTH,JR HIGH,YUCATÁN,PUBLIC,93101,96972,104776,104615,103572,98934,97160,95353
SOUTH,JR HIGH,YUCATÁN,PRIVATE,9156,10025,10875,11503,11313,10861,11830,12448
SOUTH,HIGH SCHOOL,YUCATÁN,PUBLIC,58808,63742,66230,71460,74543,80063,78051,76660
SOUTH,HIGH SCHOOL,YUCATÁN,PRIVATE,14843,15440,14828,15381,16145,17170,18792,18577
SOUTH,UNIVERSITY,YUCATÁN,PUBLIC,30982,32289,32974,33746,34057,34618,40460,40976
SOUTH,UNIVERSITY,YUCATÁN,PRIVATE,23839,25315,27955,29234,29702,30953,35345,38951
NORTH CENTER,ELEMENTARY,ZACATECAS,PUBLIC,193721,187843,186533,186469,187541,187760,187880,187612
NORTH CENTER,ELEMENTARY,ZACATECAS,PRIVATE,10696,10509,10384,10271,10371,10417,10653,10654
NORTH CENTER,JR HIGH,ZACATECAS,PUBLIC,83526,89431,91525,90758,85186,84000,83771,83719
NORTH CENTER,JR HIGH,ZACATECAS,PRIVATE,3885,4158,4416,4507,4413,4382,4541,4424
NORTH CENTER,HIGH SCHOOL,ZACATECAS,PUBLIC,53488,55875,58914,60083,63909,64180,62684,60705
NORTH CENTER,HIGH SCHOOL,ZACATECAS,PRIVATE,3476,3439,3817,4376,4333,4455,4240,3911
NORTH CENTER,UNIVERSITY,ZACATECAS,PUBLIC,30729,33928,36412,38669,40182,41847,46473,47078
NORTH CENTER,UNIVERSITY,ZACATECAS,PRIVATE,4353,3958,3943,3933,3813,3599,4177,4365